{
    "parent": "block/soul_torch",
    "gui_light": "front",
    "display": {
        "gui": {
            "rotation": [ 0, 0, 0 ],
            "translation": [ 0, 0, 0 ],
            "scale":[ 0.9, 0.9, 0.9 ]
        },
        "ground": {
            "rotation": [ 0, 0, 0 ],
            "translation": [ 0, 3, 0 ],
            "scale":[ 0.35, 0.35, 0.35 ]
        },
        "fixed": {
            "rotation": [ 0, 0, 0 ],
            "translation": [ 0, 0, 0 ],
            "scale":[ 0.75, 0.75, 0.75 ]
        },
        "thirdperson_righthand": {
            "rotation": [ 15, 0, 0 ],
            "translation": [ 0.25, 4, 2.75 ],
            "scale": [ 0.65, 0.65, 0.65			]
        },
        "firstperson_righthand": {
            "rotation": [ 355, 20, 5 ],
            "translation": [ 2, 3.5, 0 ],
            "scale": [ 0.60, 0.60, 0.60 ]
        },
        "firstperson_lefthand": {
            "rotation": [ 355, 200, 355 ],
            "translation": [ 2, 3.5, 0 ],
            "scale": [ 0.60, 0.60, 0.60 ]
        }
    }
}
