{
    "parent": "block/soul_lantern_hanging",
    "gui_light": "front",
    "display": {
        "gui": {
            "rotation": [ 0, 0, 0 ],
            "translation": [ 0, 0, 0 ],
            "scale":[ 0.9, 0.9, 0.9 ]
        },
        "ground": {
            "rotation": [ 0, 0, 0 ],
            "translation": [ 0, 3, 0 ],
            "scale":[ 0.35, 0.35, 0.35 ]
        },
        "fixed": {
            "rotation": [ 0, 0, 0 ],
            "translation": [ 0, 0, 0 ],
            "scale":[ 0.75, 0.75, 0.75 ]
        },
        "thirdperson_righthand": {
            "rotation": [ 70, 30, 0 ],
            "translation": [ 0, -2, -4 ],
            "scale": [ 0.60, 0.60, 0.60 ]
        },
        "firstperson_righthand": {
            "rotation": [ 3, -144, 0 ],	
            "translation": [ 0.25, 14, 1.13 ],
            "scale": [ 0.68, 0.68, 0.68 ]
        },
        "firstperson_lefthand": {
            "rotation": [ 3, -121, 0 ],
            "translation": [ 0.25, 14, 1.13 ],
            "scale": [ 0.68, 0.68, 0.68 ]
        }
    }
}