{
	"credit": "Made with Blockbench",
	"ambientocclusion": false,
	"textures": {
		"0": "block/grass",
		"1": "block/grass_2",
		"2": "block/grass_3",
		"particle": "block/grass"
	},
	"elements": [
		{
			"from": [11, 0, -4],
			"to": [11, 16, 12],
			"shade": false,
			"rotation": {"angle": 45, "axis": "y", "origin": [14.5, 22, 4]},
			"faces": {
				"east": {"uv": [0, 0, 16, 16], "texture": "#1", "cullface": "up", "tintindex": 0},
				"west": {"uv": [16, 0, 0, 16], "texture": "#2", "cullface": "up", "tintindex": 0}
			}
		},
		{
			"from": [11, 0, -5.25],
			"to": [11, 16, 10.75],
			"shade": false,
			"rotation": {"angle": -45, "axis": "y", "origin": [7, 24, 6]},
			"faces": {
				"east": {"uv": [16, 0, 0, 16], "texture": "#0", "cullface": "up", "tintindex": 0},
				"west": {"uv": [0, 0, 16, 16], "texture": "#2", "cullface": "up", "tintindex": 0}
			}
		},
		{
			"from": [3, 0, -5],
			"to": [3, 16, 11],
			"shade": false,
			"rotation": {"angle": 45, "axis": "y", "origin": [6.5, 22, 3]},
			"faces": {
				"east": {"uv": [0, 0, 16, 16], "texture": "#0", "cullface": "up", "tintindex": 0},
				"west": {"uv": [16, 0, 0, 16], "texture": "#0", "cullface": "up", "tintindex": 0}
			}
		},
		{
			"from": [3, 0, -6.25],
			"to": [3, 16, 9.75],
			"shade": false,
			"rotation": {"angle": -45, "axis": "y", "origin": [-1, 24, 5]},
			"faces": {
				"east": {"uv": [16, 0, 0, 16], "texture": "#1", "cullface": "up", "tintindex": 0},
				"west": {"uv": [0, 0, 16, 16], "texture": "#2", "cullface": "up", "tintindex": 0}
			}
		},
		{
			"from": [6, -6, 7],
			"to": [6, 10, 23],
			"shade": false,
			"rotation": {"angle": 45, "axis": "y", "origin": [9.5, 9, 15]},
			"faces": {
				"east": {"uv": [0, 0, 16, 16], "texture": "#0", "cullface": "up", "tintindex": 0},
				"west": {"uv": [16, 0, 0, 16], "texture": "#0", "cullface": "up", "tintindex": 0}
			}
		},
		{
			"from": [6, -6, 5.75],
			"to": [6, 10, 21.75],
			"shade": false,
			"rotation": {"angle": -45, "axis": "y", "origin": [2, 11, 17]},
			"faces": {
				"east": {"uv": [16, 0, 0, 16], "texture": "#0", "cullface": "up", "tintindex": 0},
				"west": {"uv": [0, 0, 16, 16], "texture": "#0", "cullface": "up", "tintindex": 0}
			}
		}
	],
	"groups": [
		{
			"name": "group",
			"origin": [8, 8, 8],
			"color": 0,
			"children": [0, 1]
		},
		{
			"name": "group",
			"origin": [8, 8, 8],
			"color": 0,
			"children": [2, 3]
		},
		{
			"name": "group",
			"origin": [8, 8, 8],
			"color": 0,
			"children": [4, 5]
		}
	]
}