{
	"credit": "Made with Blockbench",
	"ambientocclusion": false,
	"textures": {
		"0": "block/grass",
		"1": "block/grass_2",
		"2": "block/grass_3",
		"particle": "block/grass"
	},
	"elements": [
		{
			"from": [11, 0, -5],
			"to": [11, 16, 11],
			"shade": false,
			"rotation": {"angle": 45, "axis": "y", "origin": [14.5, 22, 3]},
			"faces": {
				"east": {"uv": [0, 0, 16, 16], "texture": "#0", "cullface": "up", "tintindex": 0},
				"west": {"uv": [16, 0, 0, 16], "texture": "#2", "cullface": "up", "tintindex": 0}
			}
		},
		{
			"from": [11, 0, -6.25],
			"to": [11, 16, 9.75],
			"shade": false,
			"rotation": {"angle": -45, "axis": "y", "origin": [7, 24, 5]},
			"faces": {
				"east": {"uv": [16, 0, 0, 16], "texture": "#0", "cullface": "up", "tintindex": 0},
				"west": {"uv": [0, 0, 16, 16], "texture": "#2", "cullface": "up", "tintindex": 0}
			}
		},
		{
			"from": [2, 0, 0],
			"to": [2, 16, 16],
			"shade": false,
			"rotation": {"angle": 45, "axis": "y", "origin": [5.5, 22, 8]},
			"faces": {
				"east": {"uv": [0, 0, 16, 16], "texture": "#0", "cullface": "up", "tintindex": 0},
				"west": {"uv": [16, 0, 0, 16], "texture": "#1", "cullface": "up", "tintindex": 0}
			}
		},
		{
			"from": [2, 0, -1.25],
			"to": [2, 16, 14.75],
			"shade": false,
			"rotation": {"angle": -45, "axis": "y", "origin": [-2, 24, 10]},
			"faces": {
				"east": {"uv": [16, 0, 0, 16], "texture": "#1", "cullface": "up", "tintindex": 0},
				"west": {"uv": [0, 0, 16, 16], "texture": "#1", "cullface": "up", "tintindex": 0}
			}
		}
	],
	"groups": [
		{
			"name": "group",
			"origin": [8, 8, 8],
			"color": 0,
			"children": [0, 1]
		},
		{
			"name": "group",
			"origin": [8, 8, 8],
			"color": 0,
			"children": [2, 3]
		}
	]
}