{
	"credit": "Made with Blockbench",
	"textures": {
		"1": "minecraft:block/soulfire_lantern_fire",
		"2": "minecraft:block/soul_lantern",
		"particle": "minecraft:block/soul_lantern"
	},
	"elements": [
		{
			"name": "lantern_base",
			"from": [7, 0.5, 7],
			"to": [9, 2.5, 9],
			"faces": {
				"north": {"uv": [9, 7, 11, 8], "texture": "#2"},
				"east": {"uv": [9, 7, 11, 8], "texture": "#2"},
				"south": {"uv": [9, 7, 11, 8], "texture": "#2"},
				"west": {"uv": [9, 7, 11, 8], "texture": "#2"},
				"up": {"uv": [2, 7, 4, 9], "texture": "#2"},
				"down": {"uv": [2, 2, 4, 4], "texture": "#2"}
			}
		},
		{
			"name": "lantern_edge1",
			"from": [6, 1, 7],
			"to": [7, 3, 9],
			"faces": {
				"north": {"uv": [11, 6, 12, 7], "texture": "#2"},
				"east": {"uv": [9, 6, 11, 8], "texture": "#2"},
				"south": {"uv": [8, 6, 9, 7], "texture": "#2"},
				"west": {"uv": [9, 6, 11, 8], "texture": "#2"},
				"up": {"uv": [1, 7, 2, 9], "texture": "#2"},
				"down": {"uv": [1, 2, 2, 4], "texture": "#2"}
			}
		},
		{
			"name": "lantern_edge2",
			"from": [7, 1, 9],
			"to": [9, 3, 10],
			"faces": {
				"north": {"uv": [9, 6, 11, 8], "texture": "#2"},
				"east": {"uv": [8, 6, 9, 7], "texture": "#2"},
				"south": {"uv": [9, 6, 11, 8], "texture": "#2"},
				"west": {"uv": [11, 6, 12, 7], "texture": "#2"},
				"up": {"uv": [2, 9, 4, 10], "texture": "#2"},
				"down": {"uv": [2, 1, 4, 2], "texture": "#2"}
			}
		},
		{
			"name": "lantern_edge3",
			"from": [9, 1, 7],
			"to": [10, 3, 9],
			"faces": {
				"north": {"uv": [8, 6, 9, 7], "texture": "#2"},
				"east": {"uv": [9, 6, 11, 8], "texture": "#2"},
				"south": {"uv": [11, 6, 12, 7], "texture": "#2"},
				"west": {"uv": [9, 6, 11, 8], "texture": "#2"},
				"up": {"uv": [4, 7, 5, 9], "texture": "#2"},
				"down": {"uv": [4, 2, 5, 4], "texture": "#2"}
			}
		},
		{
			"name": "lantern_edge4",
			"from": [7, 1, 6],
			"to": [9, 3, 7],
			"faces": {
				"north": {"uv": [9, 6, 11, 8], "texture": "#2"},
				"east": {"uv": [11, 6, 12, 7], "texture": "#2"},
				"south": {"uv": [9, 6, 11, 8], "texture": "#2"},
				"west": {"uv": [8, 6, 9, 7], "texture": "#2"},
				"up": {"uv": [2, 6, 4, 7], "texture": "#2"},
				"down": {"uv": [2, 4, 4, 5], "texture": "#2"}
			}
		},
		{
			"name": "pillar1",
			"from": [6, 0, 6],
			"to": [7, 3, 7],
			"faces": {
				"north": {"uv": [11, 3, 12, 6], "texture": "#2"},
				"east": {"uv": [11, 3, 12, 6], "texture": "#2"},
				"south": {"uv": [8, 3, 9, 6], "texture": "#2"},
				"west": {"uv": [8, 3, 9, 6], "texture": "#2"},
				"up": {"uv": [1, 6, 2, 7], "texture": "#2"},
				"down": {"uv": [1, 1, 2, 2], "texture": "#2"}
			}
		},
		{
			"name": "pillar2",
			"from": [6, 0, 9],
			"to": [7, 3, 10],
			"faces": {
				"north": {"uv": [11, 3, 12, 6], "texture": "#2"},
				"east": {"uv": [8, 3, 9, 6], "texture": "#2"},
				"south": {"uv": [8, 3, 9, 6], "texture": "#2"},
				"west": {"uv": [11, 3, 12, 6], "texture": "#2"},
				"up": {"uv": [1, 6, 2, 7], "texture": "#2"},
				"down": {"uv": [1, 1, 2, 2], "texture": "#2"}
			}
		},
		{
			"name": "pillar3",
			"from": [9, 0, 9],
			"to": [10, 3, 10],
			"faces": {
				"north": {"uv": [8, 3, 9, 6], "texture": "#2"},
				"east": {"uv": [8, 3, 9, 6], "texture": "#2"},
				"south": {"uv": [11, 3, 12, 6], "texture": "#2"},
				"west": {"uv": [11, 3, 12, 6], "texture": "#2"},
				"up": {"uv": [1, 6, 2, 7], "texture": "#2"},
				"down": {"uv": [1, 1, 2, 2], "texture": "#2"}
			}
		},
		{
			"name": "pillar4",
			"from": [9, 0, 6],
			"to": [10, 3, 7],
			"faces": {
				"north": {"uv": [8, 3, 9, 6], "texture": "#2"},
				"east": {"uv": [11, 3, 12, 6], "texture": "#2"},
				"south": {"uv": [11, 3, 12, 6], "texture": "#2"},
				"west": {"uv": [8, 3, 9, 6], "texture": "#2"},
				"up": {"uv": [1, 6, 2, 7], "texture": "#2"},
				"down": {"uv": [1, 1, 2, 2], "texture": "#2"}
			}
		},
		{
			"from": [-2, 2, 11.3],
			"to": [2, 10, 11.3],
			"rotation": {"angle": 45, "axis": "y", "origin": [0, 0, 0]},
			"faces": {
				"north": {"uv": [6, 8, 10, 16], "texture": "#1"},
				"east": {"uv": [0, 0, 0, 6], "texture": "#1"},
				"south": {"uv": [6, 8, 10, 16], "texture": "#1"},
				"west": {"uv": [0, 0, 0, 6], "texture": "#1"},
				"up": {"uv": [0, 0, 4, 0], "texture": "#1"},
				"down": {"uv": [0, 0, 4, 0], "texture": "#1"}
			}
		},
		{
			"from": [0, 2, 9.3],
			"to": [0, 10, 13.3],
			"rotation": {"angle": 45, "axis": "y", "origin": [0, 0, 0]},
			"faces": {
				"north": {"uv": [6, 8, 10, 16], "texture": "#1"},
				"east": {"uv": [6, 8, 10, 16], "texture": "#1"},
				"south": {"uv": [6, 8, 10, 16], "texture": "#1"},
				"west": {"uv": [6, 8, 10, 16], "texture": "#1"},
				"up": {"uv": [0, 0, 0, 4], "texture": "#1"},
				"down": {"uv": [0, 0, 0, 4], "texture": "#1"}
			}
		}
	],
	"groups": [
		{
			"name": "lantern",
			"origin": [8, 8, 8],
			"color": 0,
			"children": [0, 1, 2, 3, 4, 5, 6, 7, 8]
		},
		{
			"name": "fire",
			"origin": [8, 8, 8],
			"color": 0,
			"children": [9, 10]
		}
	]
}