{
	"credit": "Made with Blockbench",
	"textures": {
		"1": "block/soulfire_lantern_fire",
		"2": "block/soul_lantern",
		"3": "block/soul_lantern_chain",
		"particle": "block/soul_lantern"
	},
	"elements": [
		{
			"name": "lantern_base",
			"from": [7, 2.5, 7],
			"to": [9, 3.5, 9],
			"rotation": {"angle": 0, "axis": "y", "origin": [0, 1, 0]},
			"faces": {
				"north": {"uv": [9, 7, 11, 8], "texture": "#2"},
				"east": {"uv": [9, 7, 11, 8], "texture": "#2"},
				"south": {"uv": [9, 7, 11, 8], "texture": "#2"},
				"west": {"uv": [9, 7, 11, 8], "texture": "#2"},
				"up": {"uv": [2, 7, 4, 9], "texture": "#2"},
				"down": {"uv": [2, 2, 4, 4], "texture": "#2"}
			}
		},
		{
			"name": "lantern_edge1",
			"from": [6, 3, 6],
			"to": [7, 4, 9],
			"rotation": {"angle": 0, "axis": "y", "origin": [0, 1, 0]},
			"faces": {
				"north": {"uv": [11, 6, 12, 7], "texture": "#2"},
				"east": {"uv": [9, 6, 12, 7], "texture": "#2"},
				"south": {"uv": [8, 6, 9, 7], "texture": "#2"},
				"west": {"uv": [8, 6, 11, 7], "texture": "#2"},
				"up": {"uv": [1, 6, 2, 9], "texture": "#2"},
				"down": {"uv": [1, 2, 2, 5], "texture": "#2"}
			}
		},
		{
			"name": "lantern_edge2",
			"from": [6, 3, 9],
			"to": [9, 4, 10],
			"rotation": {"angle": 0, "axis": "y", "origin": [0, 1, 0]},
			"faces": {
				"north": {"uv": [9, 6, 12, 7], "texture": "#2"},
				"east": {"uv": [8, 6, 9, 7], "texture": "#2"},
				"south": {"uv": [8, 6, 11, 7], "texture": "#2"},
				"west": {"uv": [11, 6, 12, 7], "texture": "#2"},
				"up": {"uv": [1, 9, 4, 10], "texture": "#2"},
				"down": {"uv": [1, 1, 4, 2], "texture": "#2"}
			}
		},
		{
			"name": "lantern_edge3",
			"from": [9, 3, 7],
			"to": [10, 4, 10],
			"rotation": {"angle": 0, "axis": "y", "origin": [0, 1, 0]},
			"faces": {
				"north": {"uv": [8, 6, 9, 7], "texture": "#2"},
				"east": {"uv": [8, 6, 11, 7], "texture": "#2"},
				"south": {"uv": [11, 6, 12, 7], "texture": "#2"},
				"west": {"uv": [9, 6, 12, 7], "texture": "#2"},
				"up": {"uv": [4, 7, 5, 10], "texture": "#2"},
				"down": {"uv": [4, 1, 5, 4], "texture": "#2"}
			}
		},
		{
			"name": "lantern_edge4",
			"from": [7, 3, 6],
			"to": [10, 4, 7],
			"rotation": {"angle": 0, "axis": "y", "origin": [0, 1, 0]},
			"faces": {
				"north": {"uv": [8, 6, 11, 7], "texture": "#2"},
				"east": {"uv": [11, 6, 12, 7], "texture": "#2"},
				"south": {"uv": [9, 6, 12, 7], "texture": "#2"},
				"west": {"uv": [8, 6, 9, 7], "texture": "#2"},
				"up": {"uv": [2, 6, 5, 7], "texture": "#2"},
				"down": {"uv": [2, 4, 5, 5], "texture": "#2"}
			}
		},
		{
			"from": [-2, 3, 11.3],
			"to": [2, 11, 11.3],
			"rotation": {"angle": 45, "axis": "y", "origin": [0, 1, 0]},
			"faces": {
				"north": {"uv": [6, 8, 10, 16], "texture": "#1"},
				"east": {"uv": [0, 0, 0, 6], "texture": "#1"},
				"south": {"uv": [6, 8, 10, 16], "texture": "#1"},
				"west": {"uv": [0, 0, 0, 6], "texture": "#1"},
				"up": {"uv": [0, 0, 4, 0], "texture": "#1"},
				"down": {"uv": [0, 0, 4, 0], "texture": "#1"}
			}
		},
		{
			"from": [0, 3, 9.3],
			"to": [0, 11, 13.3],
			"rotation": {"angle": 45, "axis": "y", "origin": [0, 1, 0]},
			"faces": {
				"north": {"uv": [6, 8, 10, 16], "texture": "#1"},
				"east": {"uv": [6, 8, 10, 16], "texture": "#1"},
				"south": {"uv": [6, 8, 10, 16], "texture": "#1"},
				"west": {"uv": [6, 8, 10, 16], "texture": "#1"},
				"up": {"uv": [0, 0, 0, 4], "texture": "#1"},
				"down": {"uv": [0, 0, 0, 4], "texture": "#1"}
			}
		},
		{
			"name": "chain",
			"from": [8, 1, 0],
			"to": [8, 17, 16],
			"shade": false,
			"rotation": {"angle": 0, "axis": "y", "origin": [16, 9, 8]},
			"faces": {
				"east": {"uv": [0, 0, 16, 16], "texture": "#3"},
				"west": {"uv": [0, 0, 16, 16], "texture": "#3"}
			}
		},
		{
			"name": "chain",
			"from": [0, 1, 8],
			"to": [16, 17, 8],
			"shade": false,
			"rotation": {"angle": 0, "axis": "y", "origin": [0, 1, 0]},
			"faces": {
				"north": {"uv": [0, 0, 16, 16], "texture": "#3"},
				"south": {"uv": [0, 0, 16, 16], "texture": "#3"}
			}
		}
	],
	"groups": [
		{
			"name": "lantern",
			"origin": [8, 8, 8],
			"color": 0,
			"children": [0, 1, 2, 3, 4]
		},
		{
			"name": "fire",
			"origin": [8, 8, 8],
			"color": 0,
			"children": [5, 6]
		},
		{
			"name": "hanging",
			"origin": [8, 8, 8],
			"color": 0,
			"children": [7, 8]
		}
	]
}