{
	"credit": "Made with Blockbench",
	"ambientocclusion": false,
	"textures": {
		"0": "block/sugar_cane",
		"1": "block/sugar_cane_leaves",
		"2": "block/sugar_cane_leaves_1",
		"particle": "block/sugar_cane"
	},
	"elements": [
		{
			"name": "cane1",
			"from": [5, 0, 8],
			"to": [7, 16, 10],
			"rotation": {"angle": 0, "axis": "y", "origin": [13, 0, 16]},
			"faces": {
				"north": {"uv": [2, 0, 4, 16], "texture": "#0"},
				"east": {"uv": [5, 0, 7, 16], "texture": "#0"},
				"south": {"uv": [13, 0, 15, 16], "texture": "#0"},
				"west": {"uv": [9, 0, 11, 16], "texture": "#0"},
				"up": {"uv": [3, 12, 5, 14], "texture": "#0"}
			}
		},
		{
			"name": "leaves1a",
			"from": [8.5, 11, 7],
			"to": [8.5, 27, 23],
			"rotation": {"angle": 45, "axis": "y", "origin": [0, 0, 15]},
			"faces": {
				"north": {"uv": [0, 0, 0, 16], "texture": "#missing"},
				"east": {"uv": [0, 0, 16, 16], "texture": "#1"},
				"south": {"uv": [0, 0, 0, 16], "texture": "#missing"},
				"west": {"uv": [0, 0, 16, 16], "texture": "#1"},
				"up": {"uv": [0, 0, 16, 0], "rotation": 90, "texture": "#missing"},
				"down": {"uv": [0, 0, 16, 0], "rotation": 270, "texture": "#missing"}
			}
		},
		{
			"name": "leaves1a",
			"from": [8.5, -2, 7],
			"to": [8.5, 14, 23],
			"rotation": {"angle": 45, "axis": "y", "origin": [0, 0, 15]},
			"faces": {
				"north": {"uv": [0, 0, 0, 16], "texture": "#missing"},
				"east": {"uv": [0, 0, 16, 16], "texture": "#2"},
				"south": {"uv": [0, 0, 0, 16], "texture": "#missing"},
				"west": {"uv": [0, 0, 16, 16], "texture": "#2"},
				"up": {"uv": [0, 0, 16, 0], "rotation": 90, "texture": "#missing"},
				"down": {"uv": [0, 0, 16, 0], "rotation": 270, "texture": "#missing"}
			}
		},
		{
			"name": "leaves1b",
			"from": [4, 11, 6.5],
			"to": [20, 27, 6.5],
			"rotation": {"angle": 45, "axis": "y", "origin": [12, 0, 15]},
			"faces": {
				"north": {"uv": [0, 0, 16, 16], "texture": "#1"},
				"east": {"uv": [0, 0, 0, 16], "texture": "#missing"},
				"south": {"uv": [16, 0, 0, 16], "texture": "#1"},
				"west": {"uv": [0, 0, 0, 16], "texture": "#missing"},
				"up": {"uv": [0, 0, 16, 0], "texture": "#missing"},
				"down": {"uv": [0, 0, 16, 0], "texture": "#missing"}
			}
		},
		{
			"name": "leaves1b",
			"from": [4, -2, 6.5],
			"to": [20, 14, 6.5],
			"rotation": {"angle": 45, "axis": "y", "origin": [12, 0, 15]},
			"faces": {
				"north": {"uv": [0, 0, 16, 16], "texture": "#2"},
				"east": {"uv": [0, 0, 0, 16], "texture": "#missing"},
				"south": {"uv": [0, 0, 16, 16], "texture": "#2"},
				"west": {"uv": [0, 0, 0, 16], "texture": "#missing"},
				"up": {"uv": [0, 0, 16, 0], "texture": "#missing"},
				"down": {"uv": [0, 0, 16, 0], "texture": "#missing"}
			}
		},
		{
			"name": "cane4",
			"from": [3, -2, 4],
			"to": [5, 14, 6],
			"rotation": {"angle": 0, "axis": "y", "origin": [11, 0, 12]},
			"faces": {
				"north": {"uv": [9, 0, 11, 16], "texture": "#0"},
				"east": {"uv": [3, 0, 5, 16], "texture": "#0"},
				"south": {"uv": [6, 0, 8, 16], "texture": "#0"},
				"west": {"uv": [13, 0, 15, 16], "texture": "#0"},
				"up": {"uv": [2, 12, 4, 14], "texture": "#0"}
			}
		},
		{
			"name": "leaves4a",
			"from": [6.5, 9, 3],
			"to": [6.5, 25, 19],
			"rotation": {"angle": 45, "axis": "y", "origin": [-2, 0, 11]},
			"faces": {
				"north": {"uv": [0, 0, 0, 16], "texture": "#missing"},
				"east": {"uv": [0, 0, 16, 16], "texture": "#1"},
				"south": {"uv": [0, 0, 0, 16], "texture": "#missing"},
				"west": {"uv": [0, 0, 16, 16], "texture": "#1"},
				"up": {"uv": [0, 0, 16, 0], "rotation": 90, "texture": "#missing"},
				"down": {"uv": [0, 0, 16, 0], "rotation": 270, "texture": "#missing"}
			}
		},
		{
			"name": "leaves4a",
			"from": [6.5, -4, 3],
			"to": [6.5, 12, 19],
			"rotation": {"angle": 45, "axis": "y", "origin": [-2, 0, 11]},
			"faces": {
				"north": {"uv": [0, 0, 0, 16], "texture": "#missing"},
				"east": {"uv": [0, 0, 16, 16], "texture": "#2"},
				"south": {"uv": [0, 0, 0, 16], "texture": "#missing"},
				"west": {"uv": [0, 0, 16, 16], "texture": "#2"},
				"up": {"uv": [0, 0, 16, 0], "rotation": 90, "texture": "#missing"},
				"down": {"uv": [0, 0, 16, 0], "rotation": 270, "texture": "#missing"}
			}
		},
		{
			"name": "leaves4b",
			"from": [2, 9, 2.5],
			"to": [18, 25, 2.5],
			"rotation": {"angle": 45, "axis": "y", "origin": [10, 0, 11]},
			"faces": {
				"north": {"uv": [0, 0, 16, 16], "texture": "#1"},
				"east": {"uv": [0, 0, 0, 16], "texture": "#missing"},
				"south": {"uv": [16, 0, 0, 16], "texture": "#1"},
				"west": {"uv": [0, 0, 0, 16], "texture": "#missing"},
				"up": {"uv": [0, 0, 16, 0], "texture": "#missing"},
				"down": {"uv": [0, 0, 16, 0], "texture": "#missing"}
			}
		},
		{
			"name": "leaves4b",
			"from": [2, -4, 2.5],
			"to": [18, 12, 2.5],
			"rotation": {"angle": 45, "axis": "y", "origin": [10, 0, 11]},
			"faces": {
				"north": {"uv": [0, 0, 16, 16], "texture": "#2"},
				"east": {"uv": [0, 0, 0, 16], "texture": "#missing"},
				"south": {"uv": [16, 0, 0, 16], "texture": "#2"},
				"west": {"uv": [0, 0, 0, 16], "texture": "#missing"},
				"up": {"uv": [0, 0, 16, 0], "texture": "#missing"},
				"down": {"uv": [0, 0, 16, 0], "texture": "#missing"}
			}
		},
		{
			"name": "cane6",
			"from": [12, -3, 10],
			"to": [14, 13, 12],
			"rotation": {"angle": 0, "axis": "y", "origin": [20, 0, 18]},
			"faces": {
				"north": {"uv": [1, 0, 3, 16], "texture": "#0"},
				"east": {"uv": [3, 0, 5, 16], "texture": "#0"},
				"south": {"uv": [7, 0, 9, 16], "texture": "#0"},
				"west": {"uv": [11, 0, 13, 16], "texture": "#0"},
				"up": {"uv": [6, 13, 8, 15], "texture": "#0"}
			}
		},
		{
			"name": "leaves6a",
			"from": [15.5, 8, 9],
			"to": [15.5, 24, 25],
			"rotation": {"angle": 45, "axis": "y", "origin": [7, 0, 17]},
			"faces": {
				"north": {"uv": [0, 0, 0, 16], "texture": "#missing"},
				"east": {"uv": [0, 0, 16, 16], "texture": "#1"},
				"south": {"uv": [0, 0, 0, 16], "texture": "#missing"},
				"west": {"uv": [0, 0, 16, 16], "texture": "#1"},
				"up": {"uv": [0, 0, 16, 0], "rotation": 90, "texture": "#missing"},
				"down": {"uv": [0, 0, 16, 0], "rotation": 270, "texture": "#missing"}
			}
		},
		{
			"name": "leaves6a",
			"from": [15.5, -5, 9],
			"to": [15.5, 11, 25],
			"rotation": {"angle": 45, "axis": "y", "origin": [7, 0, 17]},
			"faces": {
				"north": {"uv": [0, 0, 0, 16], "texture": "#missing"},
				"east": {"uv": [0, 0, 16, 16], "texture": "#2"},
				"south": {"uv": [0, 0, 0, 16], "texture": "#missing"},
				"west": {"uv": [0, 0, 16, 16], "texture": "#2"},
				"up": {"uv": [0, 0, 16, 0], "rotation": 90, "texture": "#missing"},
				"down": {"uv": [0, 0, 16, 0], "rotation": 270, "texture": "#missing"}
			}
		},
		{
			"name": "leaves6b",
			"from": [11, 8, 8.5],
			"to": [27, 24, 8.5],
			"rotation": {"angle": 45, "axis": "y", "origin": [19, 0, 17]},
			"faces": {
				"north": {"uv": [0, 0, 16, 16], "texture": "#1"},
				"east": {"uv": [0, 0, 0, 16], "texture": "#missing"},
				"south": {"uv": [16, 0, 0, 16], "texture": "#1"},
				"west": {"uv": [0, 0, 0, 16], "texture": "#missing"},
				"up": {"uv": [0, 0, 16, 0], "texture": "#missing"},
				"down": {"uv": [0, 0, 16, 0], "texture": "#missing"}
			}
		},
		{
			"name": "leaves6b",
			"from": [11, -5, 8.5],
			"to": [27, 11, 8.5],
			"rotation": {"angle": 45, "axis": "y", "origin": [19, 0, 17]},
			"faces": {
				"north": {"uv": [0, 0, 16, 16], "texture": "#2"},
				"east": {"uv": [0, 0, 0, 16], "texture": "#missing"},
				"south": {"uv": [0, 0, 16, 16], "texture": "#2"},
				"west": {"uv": [0, 0, 0, 16], "texture": "#missing"},
				"up": {"uv": [0, 0, 16, 0], "texture": "#missing"},
				"down": {"uv": [0, 0, 16, 0], "texture": "#missing"}
			}
		}
	],
	"groups": [
		{
			"name": "cane1",
			"origin": [5, 19, 20],
			"color": 0,
			"children": [0, 1, 2, 3, 4]
		},
		{
			"name": "cane2",
			"origin": [18, 8, 21],
			"color": 0,
			"children": [5, 6, 7, 8, 9]
		},
		{
			"name": "cane3",
			"origin": [18, 8, 21],
			"color": 0,
			"children": [10, 11, 12, 13, 14]
		}
	]
}