{
	"credit": "Made with Blockbench",
	"texture_size": [32, 32],
	"textures": {
		"0": "block/tripwire_model_attached_on",
		"particle": "block/tripwire_model_attached_on"
	},
	"elements": [
		{
			"from": [7, 4.95, 10],
			"to": [9, 6.95, 15],
			"rotation": {"angle": 0, "axis": "x", "origin": [8, 6, 14]},
			"faces": {
				"north": {"uv": [6, 5, 7, 6], "texture": "#0"},
				"east": {"uv": [3.5, 5, 6, 6], "texture": "#0"},
				"south": {"uv": [9.5, 5, 10.5, 6], "texture": "#0"},
				"west": {"uv": [7, 5, 9.5, 6], "texture": "#0"},
				"up": {"uv": [7, 5, 6, 2.5], "texture": "#0"},
				"down": {"uv": [8, 2.5, 7, 5], "texture": "#0"}
			}
		},
		{
			"from": [6, 1, 14],
			"to": [10, 9, 16],
			"faces": {
				"north": {"uv": [1, 1, 3, 5], "texture": "#0"},
				"east": {"uv": [0, 1, 1, 5], "texture": "#0"},
				"south": {"uv": [4, 1, 6, 5], "texture": "#0", "cullface": "south"},
				"west": {"uv": [3, 1, 4, 5], "texture": "#0"},
				"up": {"uv": [3, 1, 1, 0], "texture": "#0"},
				"down": {"uv": [5, 0, 3, 1], "texture": "#0"}
			}
		},
		{
			"from": [10.002, 3.55, 3.4],
			"to": [11.002, 4.55, 8.4],
			"rotation": {"angle": -22.5, "axis": "x", "origin": [8, 6, 5.2]},
			"faces": {
				"north": {"uv": [2.5, 7.5, 3, 8], "texture": "#0"},
				"east": {"uv": [0, 7.5, 2.5, 8], "texture": "#0"},
				"south": {"uv": [5.5, 7.5, 6, 8], "texture": "#0"},
				"west": {"uv": [3, 7.5, 5.5, 8], "texture": "#0"},
				"up": {"uv": [3, 7.5, 2.5, 5], "texture": "#0"},
				"down": {"uv": [3.5, 5, 3, 7.5], "texture": "#0"}
			}
		},
		{
			"from": [9.002, 3.55, 2.4],
			"to": [10.002, 4.55, 5.4],
			"rotation": {"angle": -22.5, "axis": "x", "origin": [8, 6, 5.2]},
			"faces": {
				"north": {"uv": [1.5, 9.5, 2, 10], "texture": "#0"},
				"east": {"uv": [0, 9.5, 1.5, 10], "texture": "#0"},
				"south": {"uv": [3.5, 9.5, 4, 10], "texture": "#0"},
				"west": {"uv": [2, 9.5, 3.5, 10], "texture": "#0"},
				"up": {"uv": [2, 9.5, 1.5, 8], "texture": "#0"},
				"down": {"uv": [2.5, 8, 2, 9.5], "texture": "#0"}
			}
		},
		{
			"from": [7.002, 3.55, 2.4],
			"to": [8.002, 4.55, 5.4],
			"rotation": {"angle": -22.5, "axis": "x", "origin": [8, 6, 5.2]},
			"faces": {
				"north": {"uv": [7.5, 7.5, 8, 8], "texture": "#0"},
				"east": {"uv": [6, 7.5, 7.5, 8], "texture": "#0"},
				"south": {"uv": [9.5, 7.5, 10, 8], "texture": "#0"},
				"west": {"uv": [8, 7.5, 9.5, 8], "texture": "#0"},
				"up": {"uv": [8, 7.5, 7.5, 6], "texture": "#0"},
				"down": {"uv": [8.5, 6, 8, 7.5], "texture": "#0"}
			}
		},
		{
			"from": [8.002, 3.55, 2.4],
			"to": [9.002, 4.55, 4.4],
			"rotation": {"angle": -22.5, "axis": "x", "origin": [8, 6, 5.2]},
			"faces": {
				"north": {"uv": [4.5, 7, 5, 7.5], "texture": "#0"},
				"east": {"uv": [3.5, 7, 4.5, 7.5], "texture": "#0"},
				"south": {"uv": [6, 7, 6.5, 7.5], "texture": "#0"},
				"west": {"uv": [5, 7, 6, 7.5], "texture": "#0"},
				"up": {"uv": [5, 7, 4.5, 6], "texture": "#0"},
				"down": {"uv": [5.5, 6, 5, 7], "texture": "#0"}
			}
		},
		{
			"from": [6.002, 3.55, 3.394],
			"to": [7.002, 4.55, 6.394],
			"rotation": {"angle": -22.5, "axis": "x", "origin": [8, 6, 5.2]},
			"faces": {
				"north": {"uv": [1.5, 9.5, 2, 10], "texture": "#0"},
				"east": {"uv": [0, 9.5, 1.5, 10], "texture": "#0"},
				"south": {"uv": [3.5, 9.5, 4, 10], "texture": "#0"},
				"west": {"uv": [2, 9.5, 3.5, 10], "texture": "#0"},
				"up": {"uv": [2, 9.5, 1.5, 8], "texture": "#0"},
				"down": {"uv": [2.5, 8, 2, 9.5], "texture": "#0"}
			}
		},
		{
			"from": [9.002, 3.55, 6.4],
			"to": [10.002, 4.55, 9.4],
			"rotation": {"angle": -22.5, "axis": "x", "origin": [8, 6, 5.2]},
			"faces": {
				"north": {"uv": [11.5, 1.5, 12, 2], "texture": "#0"},
				"east": {"uv": [10, 1.5, 11.5, 2], "texture": "#0"},
				"south": {"uv": [13.5, 1.5, 14, 2], "texture": "#0"},
				"west": {"uv": [12, 1.5, 13.5, 2], "texture": "#0"},
				"up": {"uv": [12, 1.5, 11.5, 0], "texture": "#0"},
				"down": {"uv": [12.5, 0, 12, 1.5], "texture": "#0"}
			}
		},
		{
			"from": [8.002, 3.55, 7.4],
			"to": [9.002, 4.55, 10.4],
			"rotation": {"angle": -22.5, "axis": "x", "origin": [8, 6, 5.2]},
			"faces": {
				"north": {"uv": [7.5, 1.5, 8, 2], "texture": "#0"},
				"east": {"uv": [6, 1.5, 7.5, 2], "texture": "#0"},
				"south": {"uv": [9.5, 1.5, 10, 2], "texture": "#0"},
				"west": {"uv": [8, 1.5, 9.5, 2], "texture": "#0"},
				"up": {"uv": [8, 1.5, 7.5, 0], "texture": "#0"},
				"down": {"uv": [8.5, 0, 8, 1.5], "texture": "#0"}
			}
		},
		{
			"from": [7.002, 3.55, 8.4],
			"to": [8.002, 4.55, 10.4],
			"rotation": {"angle": -22.5, "axis": "x", "origin": [8, 6, 5.2]},
			"faces": {
				"north": {"uv": [3.5, 9, 4, 9.5], "texture": "#0"},
				"east": {"uv": [2.5, 9, 3.5, 9.5], "texture": "#0"},
				"south": {"uv": [5, 9, 5.5, 9.5], "texture": "#0"},
				"west": {"uv": [4, 9, 5, 9.5], "texture": "#0"},
				"up": {"uv": [4, 9, 3.5, 8], "texture": "#0"},
				"down": {"uv": [4.5, 8, 4, 9], "texture": "#0"}
			}
		}
	],
	"groups": [
		0,
		1,
		{
			"name": "group",
			"origin": [8, 6, 5.2],
			"color": 0,
			"children": [2, 3, 4, 5, 6, 7, 8, 9]
		}
	]
}