{
    "variants": {
        "": [
            { "model": "block/grass", "weight": 10 },
            { "model": "block/grass_1", "weight": 6 },
            { "model": "block/grass_2", "weight": 5 },
            { "model": "block/grass_3", "weight": 9 },
            { "model": "block/grass_4", "weight": 17 },
            { "model": "block/grass_5", "weight": 17 },
            { "model": "block/grass_6", "weight": 15 },
            { "model": "block/grass_7", "weight": 20 },
            { "model": "block/grass_8", "weight": 2 },
            { "model": "block/grass_9", "weight": 4 },
            { "model": "block/grass_10", "weight": 3 },
            { "model": "block/grass", "y": 90, "weight": 3 },
            { "model": "block/grass", "y": 180, "weight": 3 },
            { "model": "block/grass", "y": 270, "weight": 3 }
        ]
    }
}
